,date,product_code,quantity
0,2022-01-03,DBR-56,356
1,2022-01-03,DBR-56,-30
2,2022-01-03,A35-AC,75
3,2022-01-03,A35-AC,-2
4,2022-01-03,DTC-23,256
5,2022-01-03,DTC-23,-8
6,2022-01-04,DBR-56,-12
7,2022-01-04,A35-AC,-2
8,2022-01-04,DTC-23,-14
9,2022-01-05,DBR-56,-29
10,2022-01-05,A35-AC,-4
11,2022-01-05,DTC-23,-11
12,2022-01-06,DBR-56,-14
13,2022-01-06,A35-AC,-3
14,2022-01-06,DTC-23,-6
15,2022-01-07,DBR-56,-28
16,2022-01-07,A35-AC,-3
17,2022-01-07,DTC-23,-10
18,2022-01-10,DBR-56,-19
19,2022-01-10,A35-AC,-4
20,2022-01-10,DTC-23,-7
21,2022-01-11,DBR-56,-21
22,2022-01-11,A35-AC,-5
23,2022-01-11,DTC-23,-5
24,2022-01-12,DBR-56,-16
25,2022-01-12,A35-AC,-6
26,2022-01-12,DTC-23,-13
27,2022-01-13,DBR-56,-28
28,2022-01-13,A35-AC,-5
29,2022-01-13,DTC-23,-9
30,2022-01-14,DBR-56,-10
31,2022-01-14,A35-AC,-5
32,2022-01-14,DTC-23,-12
33,2022-01-17,DBR-56,-15
34,2022-01-17,A35-AC,-4
35,2022-01-17,DTC-23,-5
36,2022-01-18,DBR-56,-24
37,2022-01-18,A35-AC,-2
38,2022-01-18,DTC-23,-9
39,2022-01-19,DBR-56,-18
40,2022-01-19,A35-AC,-4
41,2022-01-19,DTC-23,-12
42,2022-01-20,DBR-56,-26
43,2022-01-20,A35-AC,-5
44,2022-01-20,DTC-23,-8
45,2022-01-21,DBR-56,-18
46,2022-01-21,A35-AC,-4
47,2022-01-21,DTC-23,-10
48,2022-01-24,DBR-56,-13
49,2022-01-24,A35-AC,-2
50,2022-01-24,DTC-23,-12
51,2022-01-25,DBR-56,-14
52,2022-01-25,A35-AC,-3
53,2022-01-25,DTC-23,-10
54,2022-01-26,DBR-56,-21
55,2022-01-26,A35-AC,-2
56,2022-01-26,DTC-23,-13
57,2022-01-27,DBR-56,0
58,2022-01-27,A35-AC,-7
59,2022-01-27,DTC-23,-10
60,2022-01-28,DBR-56,0
61,2022-01-28,A35-AC,-3
62,2022-01-28,DTC-23,-7
63,2022-01-31,DBR-56,0
64,2022-01-31,A35-AC,0
65,2022-01-31,DTC-23,-14
66,2022-02-01,DBR-56,388
67,2022-02-01,DBR-56,-30
68,2022-02-01,A35-AC,66
69,2022-02-01,A35-AC,-7
70,2022-02-01,DTC-23,238
71,2022-02-01,DTC-23,-13
72,2022-02-02,DBR-56,-24
73,2022-02-02,A35-AC,-2
74,2022-02-02,DTC-23,-8
75,2022-02-03,DBR-56,-20
76,2022-02-03,A35-AC,-2
77,2022-02-03,DTC-23,-15
78,2022-02-04,DBR-56,-24
79,2022-02-04,A35-AC,-3
80,2022-02-04,DTC-23,-10
81,2022-02-07,DBR-56,-28
82,2022-02-07,A35-AC,-6
83,2022-02-07,DTC-23,-5
84,2022-02-08,DBR-56,-22
85,2022-02-08,A35-AC,-3
86,2022-02-08,DTC-23,-13
87,2022-02-09,DBR-56,-29
88,2022-02-09,A35-AC,-7
89,2022-02-09,DTC-23,-8
90,2022-02-10,DBR-56,-28
91,2022-02-10,A35-AC,-2
92,2022-02-10,DTC-23,-10
93,2022-02-11,DBR-56,-26
94,2022-02-11,A35-AC,-6
95,2022-02-11,DTC-23,-7
96,2022-02-14,DBR-56,-11
97,2022-02-14,A35-AC,-2
98,2022-02-14,DTC-23,-11
99,2022-02-15,DBR-56,-19
100,2022-02-15,A35-AC,-2
101,2022-02-15,DTC-23,-15
102,2022-02-16,DBR-56,-23
103,2022-02-16,A35-AC,-5
104,2022-02-16,DTC-23,-15
105,2022-02-17,DBR-56,-27
106,2022-02-17,A35-AC,-7
107,2022-02-17,DTC-23,-7
108,2022-02-18,DBR-56,-16
109,2022-02-18,A35-AC,-2
110,2022-02-18,DTC-23,-7
111,2022-02-21,DBR-56,-28
112,2022-02-21,A35-AC,-2
113,2022-02-21,DTC-23,-13
114,2022-02-22,DBR-56,-23
115,2022-02-22,A35-AC,-7
116,2022-02-22,DTC-23,-13
117,2022-02-23,DBR-56,-10
118,2022-02-23,A35-AC,-1
119,2022-02-23,DTC-23,-14
120,2022-02-24,DBR-56,0
121,2022-02-24,A35-AC,0
122,2022-02-24,DTC-23,-7
123,2022-02-25,DBR-56,0
124,2022-02-25,A35-AC,0
125,2022-02-25,DTC-23,-8
126,2022-02-28,DBR-56,0
127,2022-02-28,A35-AC,0
128,2022-02-28,DTC-23,-10
129,2022-03-01,DBR-56,373
130,2022-03-01,DBR-56,-30
131,2022-03-01,A35-AC,97
132,2022-03-01,A35-AC,-7
133,2022-03-01,DTC-23,208
134,2022-03-01,DTC-23,-5
135,2022-03-02,DBR-56,-29
136,2022-03-02,A35-AC,-3
137,2022-03-02,DTC-23,-8
138,2022-03-03,DBR-56,-11
139,2022-03-03,A35-AC,-7
140,2022-03-03,DTC-23,-7
141,2022-03-04,DBR-56,-20
142,2022-03-04,A35-AC,-3
143,2022-03-04,DTC-23,-16
144,2022-03-07,DBR-56,-15
145,2022-03-07,A35-AC,-6
146,2022-03-07,DTC-23,-6
147,2022-03-08,DBR-56,-12
148,2022-03-08,A35-AC,-3
149,2022-03-08,DTC-23,-5
150,2022-03-09,DBR-56,-24
151,2022-03-09,A35-AC,-4
152,2022-03-09,DTC-23,-13
153,2022-03-10,DBR-56,-25
154,2022-03-10,A35-AC,-7
155,2022-03-10,DTC-23,-13
156,2022-03-11,DBR-56,-12
157,2022-03-11,A35-AC,-6
158,2022-03-11,DTC-23,-13
159,2022-03-14,DBR-56,-20
160,2022-03-14,A35-AC,-3
161,2022-03-14,DTC-23,-7
162,2022-03-15,DBR-56,-19
163,2022-03-15,A35-AC,-3
164,2022-03-15,DTC-23,-13
165,2022-03-16,DBR-56,-25
166,2022-03-16,A35-AC,-7
167,2022-03-16,DTC-23,-12
168,2022-03-17,DBR-56,-10
169,2022-03-17,A35-AC,-6
170,2022-03-17,DTC-23,-12
171,2022-03-18,DBR-56,-23
172,2022-03-18,A35-AC,-5
173,2022-03-18,DTC-23,-12
174,2022-03-21,DBR-56,-18
175,2022-03-21,A35-AC,-7
176,2022-03-21,DTC-23,-14
177,2022-03-22,DBR-56,-24
178,2022-03-22,A35-AC,-3
179,2022-03-22,DTC-23,-8
180,2022-03-23,DBR-56,-21
181,2022-03-23,A35-AC,-4
182,2022-03-23,DTC-23,-9
183,2022-03-24,DBR-56,-10
184,2022-03-24,A35-AC,-7
185,2022-03-24,DTC-23,-10
186,2022-03-25,DBR-56,-25
187,2022-03-25,A35-AC,-3
188,2022-03-25,DTC-23,-5
189,2022-03-28,DBR-56,0
190,2022-03-28,A35-AC,-3
191,2022-03-28,DTC-23,-13
192,2022-03-29,DBR-56,0
193,2022-03-29,A35-AC,0
194,2022-03-29,DTC-23,-6
195,2022-03-30,DBR-56,0
196,2022-03-30,A35-AC,0
197,2022-03-30,DTC-23,-7
198,2022-03-31,DBR-56,0
199,2022-03-31,A35-AC,0
200,2022-03-31,DTC-23,-8
201,2022-04-01,DBR-56,360
202,2022-04-01,DBR-56,-26
203,2022-04-01,A35-AC,100
204,2022-04-01,A35-AC,-2
205,2022-04-01,DTC-23,200
206,2022-04-01,DTC-23,-16
207,2022-04-04,DBR-56,-28
208,2022-04-04,A35-AC,-5
209,2022-04-04,DTC-23,-11
210,2022-04-05,DBR-56,-23
211,2022-04-05,A35-AC,-7
212,2022-04-05,DTC-23,-6
213,2022-04-06,DBR-56,-30
214,2022-04-06,A35-AC,-5
215,2022-04-06,DTC-23,-14
216,2022-04-07,DBR-56,-25
217,2022-04-07,A35-AC,-3
218,2022-04-07,DTC-23,-10
219,2022-04-08,DBR-56,-26
220,2022-04-08,A35-AC,-3
221,2022-04-08,DTC-23,-5
222,2022-04-11,DBR-56,-21
223,2022-04-11,A35-AC,-2
224,2022-04-11,DTC-23,-15
225,2022-04-12,DBR-56,-26
226,2022-04-12,A35-AC,-3
227,2022-04-12,DTC-23,-15
228,2022-04-13,DBR-56,-11
229,2022-04-13,A35-AC,-3
230,2022-04-13,DTC-23,-5
231,2022-04-14,DBR-56,-27
232,2022-04-14,A35-AC,-3
233,2022-04-14,DTC-23,-11
234,2022-04-15,DBR-56,-12
235,2022-04-15,A35-AC,-7
236,2022-04-15,DTC-23,-16
237,2022-04-18,DBR-56,-22
238,2022-04-18,A35-AC,-3
239,2022-04-18,DTC-23,-8
240,2022-04-19,DBR-56,-25
241,2022-04-19,A35-AC,-4
242,2022-04-19,DTC-23,-7
243,2022-04-20,DBR-56,-17
244,2022-04-20,A35-AC,-3
245,2022-04-20,DTC-23,-10
246,2022-04-21,DBR-56,-16
247,2022-04-21,A35-AC,-4
248,2022-04-21,DTC-23,-14
249,2022-04-22,DBR-56,-21
250,2022-04-22,A35-AC,-7
251,2022-04-22,DTC-23,-13
252,2022-04-25,DBR-56,-4
253,2022-04-25,A35-AC,-3
254,2022-04-25,DTC-23,-5
255,2022-04-26,DBR-56,0
256,2022-04-26,A35-AC,-6
257,2022-04-26,DTC-23,-6
258,2022-04-27,DBR-56,0
259,2022-04-27,A35-AC,-3
260,2022-04-27,DTC-23,-12
261,2022-04-28,DBR-56,0
262,2022-04-28,A35-AC,-5
263,2022-04-28,DTC-23,-6
264,2022-04-29,DBR-56,0
265,2022-04-29,A35-AC,-6
266,2022-04-29,DTC-23,-11
267,2022-05-02,DBR-56,239
268,2022-05-02,DBR-56,-18
269,2022-05-02,A35-AC,80
270,2022-05-02,A35-AC,-6
271,2022-05-02,DTC-23,216
272,2022-05-02,DTC-23,-12
273,2022-05-03,DBR-56,-24
274,2022-05-03,A35-AC,-4
275,2022-05-03,DTC-23,-7
276,2022-05-04,DBR-56,-21
277,2022-05-04,A35-AC,-7
278,2022-05-04,DTC-23,-15
279,2022-05-05,DBR-56,-17
280,2022-05-05,A35-AC,-5
281,2022-05-05,DTC-23,-13
282,2022-05-06,DBR-56,-14
283,2022-05-06,A35-AC,-4
284,2022-05-06,DTC-23,-6
285,2022-05-09,DBR-56,-18
286,2022-05-09,A35-AC,-7
287,2022-05-09,DTC-23,-11
288,2022-05-10,DBR-56,-24
289,2022-05-10,A35-AC,-5
290,2022-05-10,DTC-23,-7
291,2022-05-11,DBR-56,-12
292,2022-05-11,A35-AC,-4
293,2022-05-11,DTC-23,-11
294,2022-05-12,DBR-56,-26
295,2022-05-12,A35-AC,-4
296,2022-05-12,DTC-23,-14
297,2022-05-13,DBR-56,-30
298,2022-05-13,A35-AC,-7
299,2022-05-13,DTC-23,-7
300,2022-05-16,DBR-56,-18
301,2022-05-16,A35-AC,-5
302,2022-05-16,DTC-23,-12
303,2022-05-17,DBR-56,-17
304,2022-05-17,A35-AC,-3
305,2022-05-17,DTC-23,-6
306,2022-05-18,DBR-56,0
307,2022-05-18,A35-AC,-7
308,2022-05-18,DTC-23,-6
309,2022-05-19,DBR-56,0
310,2022-05-19,A35-AC,-2
311,2022-05-19,DTC-23,-14
312,2022-05-20,DBR-56,0
313,2022-05-20,A35-AC,-6
314,2022-05-20,DTC-23,-14
315,2022-05-23,DBR-56,0
316,2022-05-23,A35-AC,-4
317,2022-05-23,DTC-23,-15
318,2022-05-24,DBR-56,0
319,2022-05-24,A35-AC,-3
320,2022-05-24,DTC-23,-10
321,2022-05-25,DBR-56,0
322,2022-05-25,A35-AC,-6
323,2022-05-25,DTC-23,-13
324,2022-05-26,DBR-56,0
325,2022-05-26,A35-AC,-4
326,2022-05-26,DTC-23,-13
327,2022-05-27,DBR-56,0
328,2022-05-27,A35-AC,0
329,2022-05-27,DTC-23,-10
330,2022-05-30,DBR-56,0
331,2022-05-30,A35-AC,0
332,2022-05-30,DTC-23,-7
333,2022-05-31,DBR-56,0
334,2022-05-31,A35-AC,0
335,2022-05-31,DTC-23,-8
336,2022-06-01,DBR-56,359
337,2022-06-01,DBR-56,-21
338,2022-06-01,A35-AC,102
339,2022-06-01,A35-AC,-3
340,2022-06-01,DTC-23,202
341,2022-06-01,DTC-23,-6
342,2022-06-02,DBR-56,-18
343,2022-06-02,A35-AC,-7
344,2022-06-02,DTC-23,-15
345,2022-06-03,DBR-56,-28
346,2022-06-03,A35-AC,-5
347,2022-06-03,DTC-23,-16
348,2022-06-06,DBR-56,-27
349,2022-06-06,A35-AC,-7
350,2022-06-06,DTC-23,-14
351,2022-06-07,DBR-56,-26
352,2022-06-07,A35-AC,-5
353,2022-06-07,DTC-23,-9
354,2022-06-08,DBR-56,-20
355,2022-06-08,A35-AC,-6
356,2022-06-08,DTC-23,-10
357,2022-06-09,DBR-56,-24
358,2022-06-09,A35-AC,-5
359,2022-06-09,DTC-23,-16
360,2022-06-10,DBR-56,-16
361,2022-06-10,A35-AC,-4
362,2022-06-10,DTC-23,-13
363,2022-06-13,DBR-56,-17
364,2022-06-13,A35-AC,-5
365,2022-06-13,DTC-23,-7
366,2022-06-14,DBR-56,-16
367,2022-06-14,A35-AC,-4
368,2022-06-14,DTC-23,-7
369,2022-06-15,DBR-56,-23
370,2022-06-15,A35-AC,-6
371,2022-06-15,DTC-23,-8
372,2022-06-16,DBR-56,-25
373,2022-06-16,A35-AC,-3
374,2022-06-16,DTC-23,-8
375,2022-06-17,DBR-56,-28
376,2022-06-17,A35-AC,-7
377,2022-06-17,DTC-23,-13
378,2022-06-20,DBR-56,-16
379,2022-06-20,A35-AC,-4
380,2022-06-20,DTC-23,-16
381,2022-06-21,DBR-56,-29
382,2022-06-21,A35-AC,-5
383,2022-06-21,DTC-23,-13
384,2022-06-22,DBR-56,-15
385,2022-06-22,A35-AC,-5
386,2022-06-22,DTC-23,-6
387,2022-06-23,DBR-56,-10
388,2022-06-23,A35-AC,-2
389,2022-06-23,DTC-23,-15
390,2022-06-24,DBR-56,0
391,2022-06-24,A35-AC,-3
392,2022-06-24,DTC-23,-8
393,2022-06-27,DBR-56,0
394,2022-06-27,A35-AC,-3
395,2022-06-27,DTC-23,-5
396,2022-06-28,DBR-56,0
397,2022-06-28,A35-AC,-6
398,2022-06-28,DTC-23,-11
399,2022-06-29,DBR-56,0
400,2022-06-29,A35-AC,-7
401,2022-06-29,DTC-23,-15
402,2022-06-30,DBR-56,0
403,2022-06-30,A35-AC,0
404,2022-06-30,DTC-23,-6
405,2022-07-01,DBR-56,306
406,2022-07-01,DBR-56,-18
407,2022-07-01,A35-AC,85
408,2022-07-01,A35-AC,-2
409,2022-07-01,DTC-23,268
410,2022-07-01,DTC-23,-4
411,2022-07-04,DBR-56,-9
412,2022-07-04,A35-AC,-4
413,2022-07-04,DTC-23,-7
414,2022-07-05,DBR-56,-11
415,2022-07-05,A35-AC,-4
416,2022-07-05,DTC-23,-11
417,2022-07-06,DBR-56,-14
418,2022-07-06,A35-AC,-4
419,2022-07-06,DTC-23,-6
420,2022-07-07,DBR-56,-20
421,2022-07-07,A35-AC,-1
422,2022-07-07,DTC-23,-9
423,2022-07-08,DBR-56,-17
424,2022-07-08,A35-AC,-4
425,2022-07-08,DTC-23,-11
426,2022-07-11,DBR-56,-13
427,2022-07-11,A35-AC,-3
428,2022-07-11,DTC-23,-3
429,2022-07-12,DBR-56,-16
430,2022-07-12,A35-AC,-1
431,2022-07-12,DTC-23,-9
432,2022-07-13,DBR-56,-20
433,2022-07-13,A35-AC,-1
434,2022-07-13,DTC-23,-7
435,2022-07-14,DBR-56,-11
436,2022-07-14,A35-AC,-4
437,2022-07-14,DTC-23,-5
438,2022-07-15,DBR-56,-17
439,2022-07-15,A35-AC,-1
440,2022-07-15,DTC-23,-10
441,2022-07-18,DBR-56,-19
442,2022-07-18,A35-AC,-2
443,2022-07-18,DTC-23,-9
444,2022-07-19,DBR-56,-21
445,2022-07-19,A35-AC,-3
446,2022-07-19,DTC-23,-4
447,2022-07-20,DBR-56,-16
448,2022-07-20,A35-AC,-3
449,2022-07-20,DTC-23,-10
450,2022-07-21,DBR-56,-8
451,2022-07-21,A35-AC,-1
452,2022-07-21,DTC-23,-5
453,2022-07-22,DBR-56,-9
454,2022-07-22,A35-AC,-2
455,2022-07-22,DTC-23,-3
456,2022-07-25,DBR-56,-14
457,2022-07-25,A35-AC,-1
458,2022-07-25,DTC-23,-4
459,2022-07-26,DBR-56,-17
460,2022-07-26,A35-AC,-2
461,2022-07-26,DTC-23,-11
462,2022-07-27,DBR-56,-7
463,2022-07-27,A35-AC,-4
464,2022-07-27,DTC-23,-4
465,2022-07-28,DBR-56,-17
466,2022-07-28,A35-AC,-4
467,2022-07-28,DTC-23,-4
468,2022-07-29,DBR-56,-12
469,2022-07-29,A35-AC,-4
470,2022-07-29,DTC-23,-9
471,2022-08-01,DBR-56,346
472,2022-08-01,DBR-56,-17
473,2022-08-01,A35-AC,63
474,2022-08-01,A35-AC,-5
475,2022-08-01,DTC-23,248
476,2022-08-01,DTC-23,-12
477,2022-08-02,DBR-56,-21
478,2022-08-02,A35-AC,-4
479,2022-08-02,DTC-23,-4
480,2022-08-03,DBR-56,-10
481,2022-08-03,A35-AC,-2
482,2022-08-03,DTC-23,-4
483,2022-08-04,DBR-56,-15
484,2022-08-04,A35-AC,-3
485,2022-08-04,DTC-23,-8
486,2022-08-05,DBR-56,-11
487,2022-08-05,A35-AC,-2
488,2022-08-05,DTC-23,-11
489,2022-08-08,DBR-56,-21
490,2022-08-08,A35-AC,-4
491,2022-08-08,DTC-23,-10
492,2022-08-09,DBR-56,-16
493,2022-08-09,A35-AC,-5
494,2022-08-09,DTC-23,-4
495,2022-08-10,DBR-56,-8
496,2022-08-10,A35-AC,-1
497,2022-08-10,DTC-23,-10
498,2022-08-11,DBR-56,-22
499,2022-08-11,A35-AC,-1
500,2022-08-11,DTC-23,-4
501,2022-08-12,DBR-56,-13
502,2022-08-12,A35-AC,-1
503,2022-08-12,DTC-23,-4
504,2022-08-15,DBR-56,-14
505,2022-08-15,A35-AC,-5
506,2022-08-15,DTC-23,-8
507,2022-08-16,DBR-56,-16
508,2022-08-16,A35-AC,-5
509,2022-08-16,DTC-23,-6
510,2022-08-17,DBR-56,-24
511,2022-08-17,A35-AC,-5
512,2022-08-17,DTC-23,-10
513,2022-08-18,DBR-56,-24
514,2022-08-18,A35-AC,-3
515,2022-08-18,DTC-23,-4
516,2022-08-19,DBR-56,-20
517,2022-08-19,A35-AC,-2
518,2022-08-19,DTC-23,-10
519,2022-08-22,DBR-56,-8
520,2022-08-22,A35-AC,-5
521,2022-08-22,DTC-23,-5
522,2022-08-23,DBR-56,-12
523,2022-08-23,A35-AC,-4
524,2022-08-23,DTC-23,-9
525,2022-08-24,DBR-56,-12
526,2022-08-24,A35-AC,-2
527,2022-08-24,DTC-23,-5
528,2022-08-25,DBR-56,-9
529,2022-08-25,A35-AC,-2
530,2022-08-25,DTC-23,-10
531,2022-08-26,DBR-56,-12
532,2022-08-26,A35-AC,-4
533,2022-08-26,DTC-23,-4
534,2022-08-29,DBR-56,-22
535,2022-08-29,A35-AC,-1
536,2022-08-29,DTC-23,-8
537,2022-08-30,DBR-56,-19
538,2022-08-30,A35-AC,-1
539,2022-08-30,DTC-23,-5
540,2022-08-31,DBR-56,0
541,2022-08-31,A35-AC,-1
542,2022-08-31,DTC-23,-4
543,2022-09-01,DBR-56,350
544,2022-09-01,DBR-56,-20
545,2022-09-01,A35-AC,93
546,2022-09-01,A35-AC,-5
547,2022-09-01,DTC-23,170
548,2022-09-01,DTC-23,-9
549,2022-09-02,DBR-56,-30
550,2022-09-02,A35-AC,-4
551,2022-09-02,DTC-23,-15
552,2022-09-05,DBR-56,-27
553,2022-09-05,A35-AC,-3
554,2022-09-05,DTC-23,-12
555,2022-09-06,DBR-56,-19
556,2022-09-06,A35-AC,-2
557,2022-09-06,DTC-23,-14
558,2022-09-07,DBR-56,-21
559,2022-09-07,A35-AC,-5
560,2022-09-07,DTC-23,-6
561,2022-09-08,DBR-56,-23
562,2022-09-08,A35-AC,-3
563,2022-09-08,DTC-23,-9
564,2022-09-09,DBR-56,-18
565,2022-09-09,A35-AC,-2
566,2022-09-09,DTC-23,-11
567,2022-09-12,DBR-56,-17
568,2022-09-12,A35-AC,-3
569,2022-09-12,DTC-23,-13
570,2022-09-13,DBR-56,-13
571,2022-09-13,A35-AC,-4
572,2022-09-13,DTC-23,-16
573,2022-09-14,DBR-56,-19
574,2022-09-14,A35-AC,-3
575,2022-09-14,DTC-23,-9
576,2022-09-15,DBR-56,-12
577,2022-09-15,A35-AC,-5
578,2022-09-15,DTC-23,-5
579,2022-09-16,DBR-56,-28
580,2022-09-16,A35-AC,-3
581,2022-09-16,DTC-23,-9
582,2022-09-19,DBR-56,-29
583,2022-09-19,A35-AC,-6
584,2022-09-19,DTC-23,-14
585,2022-09-20,DBR-56,-21
586,2022-09-20,A35-AC,-7
587,2022-09-20,DTC-23,-11
588,2022-09-21,DBR-56,-10
589,2022-09-21,A35-AC,-4
590,2022-09-21,DTC-23,-13
591,2022-09-22,DBR-56,-27
592,2022-09-22,A35-AC,-2
593,2022-09-22,DTC-23,-10
594,2022-09-23,DBR-56,-16
595,2022-09-23,A35-AC,-3
596,2022-09-23,DTC-23,-7
597,2022-09-26,DBR-56,0
598,2022-09-26,A35-AC,-4
599,2022-09-26,DTC-23,-9
600,2022-09-27,DBR-56,0
601,2022-09-27,A35-AC,-7
602,2022-09-27,DTC-23,-6
603,2022-09-28,DBR-56,0
604,2022-09-28,A35-AC,-2
605,2022-09-28,DTC-23,-5
606,2022-09-29,DBR-56,0
607,2022-09-29,A35-AC,-2
608,2022-09-29,DTC-23,-15
609,2022-09-30,DBR-56,0
610,2022-09-30,A35-AC,-4
611,2022-09-30,DTC-23,-6
612,2022-10-03,DBR-56,271
613,2022-10-03,DBR-56,-25
614,2022-10-03,A35-AC,73
615,2022-10-03,A35-AC,-3
616,2022-10-03,DTC-23,247
617,2022-10-03,DTC-23,-10
618,2022-10-04,DBR-56,-21
619,2022-10-04,A35-AC,-4
620,2022-10-04,DTC-23,-13
621,2022-10-05,DBR-56,-20
622,2022-10-05,A35-AC,-5
623,2022-10-05,DTC-23,-16
624,2022-10-06,DBR-56,-11
625,2022-10-06,A35-AC,-6
626,2022-10-06,DTC-23,-9
627,2022-10-07,DBR-56,-12
628,2022-10-07,A35-AC,-5
629,2022-10-07,DTC-23,-5
630,2022-10-10,DBR-56,-26
631,2022-10-10,A35-AC,-3
632,2022-10-10,DTC-23,-8
633,2022-10-11,DBR-56,-19
634,2022-10-11,A35-AC,-3
635,2022-10-11,DTC-23,-6
636,2022-10-12,DBR-56,-19
637,2022-10-12,A35-AC,-3
638,2022-10-12,DTC-23,-13
639,2022-10-13,DBR-56,-17
640,2022-10-13,A35-AC,-7
641,2022-10-13,DTC-23,-11
642,2022-10-14,DBR-56,-21
643,2022-10-14,A35-AC,-3
644,2022-10-14,DTC-23,-7
645,2022-10-17,DBR-56,-30
646,2022-10-17,A35-AC,-3
647,2022-10-17,DTC-23,-10
648,2022-10-18,DBR-56,-17
649,2022-10-18,A35-AC,-7
650,2022-10-18,DTC-23,-8
651,2022-10-19,DBR-56,-29
652,2022-10-19,A35-AC,-6
653,2022-10-19,DTC-23,-10
654,2022-10-20,DBR-56,-4
655,2022-10-20,A35-AC,-3
656,2022-10-20,DTC-23,-7
657,2022-10-21,DBR-56,0
658,2022-10-21,A35-AC,-5
659,2022-10-21,DTC-23,-7
660,2022-10-24,DBR-56,0
661,2022-10-24,A35-AC,-4
662,2022-10-24,DTC-23,-14
663,2022-10-25,DBR-56,0
664,2022-10-25,A35-AC,-4
665,2022-10-25,DTC-23,-10
666,2022-10-26,DBR-56,0
667,2022-10-26,A35-AC,-6
668,2022-10-26,DTC-23,-9
669,2022-10-27,DBR-56,0
670,2022-10-27,A35-AC,-2
671,2022-10-27,DTC-23,-9
672,2022-10-28,DBR-56,0
673,2022-10-28,A35-AC,-2
674,2022-10-28,DTC-23,-8
675,2022-10-31,DBR-56,0
676,2022-10-31,A35-AC,-2
677,2022-10-31,DTC-23,-9
678,2022-11-01,DBR-56,306
679,2022-11-01,DBR-56,-16
680,2022-11-01,A35-AC,96
681,2022-11-01,A35-AC,-3
682,2022-11-01,DTC-23,236
683,2022-11-01,DTC-23,-10
684,2022-11-02,DBR-56,-20
685,2022-11-02,A35-AC,-8
686,2022-11-02,DTC-23,-9
687,2022-11-03,DBR-56,-33
688,2022-11-03,A35-AC,-2
689,2022-11-03,DTC-23,-16
690,2022-11-04,DBR-56,-20
691,2022-11-04,A35-AC,-3
692,2022-11-04,DTC-23,-8
693,2022-11-07,DBR-56,-22
694,2022-11-07,A35-AC,-4
695,2022-11-07,DTC-23,-15
696,2022-11-08,DBR-56,-30
697,2022-11-08,A35-AC,-8
698,2022-11-08,DTC-23,-9
699,2022-11-09,DBR-56,-15
700,2022-11-09,A35-AC,-3
701,2022-11-09,DTC-23,-8
702,2022-11-10,DBR-56,-22
703,2022-11-10,A35-AC,-7
704,2022-11-10,DTC-23,-10
705,2022-11-11,DBR-56,-20
706,2022-11-11,A35-AC,-2
707,2022-11-11,DTC-23,-10
708,2022-11-14,DBR-56,-36
709,2022-11-14,A35-AC,-3
710,2022-11-14,DTC-23,-18
711,2022-11-15,DBR-56,-14
712,2022-11-15,A35-AC,-6
713,2022-11-15,DTC-23,-15
714,2022-11-16,DBR-56,-18
715,2022-11-16,A35-AC,-2
716,2022-11-16,DTC-23,-9
717,2022-11-17,DBR-56,-32
718,2022-11-17,A35-AC,-6
719,2022-11-17,DTC-23,-9
720,2022-11-18,DBR-56,-8
721,2022-11-18,A35-AC,-7
722,2022-11-18,DTC-23,-12
723,2022-11-21,DBR-56,0
724,2022-11-21,A35-AC,-2
725,2022-11-21,DTC-23,-12
726,2022-11-22,DBR-56,0
727,2022-11-22,A35-AC,-4
728,2022-11-22,DTC-23,-7
729,2022-11-23,DBR-56,0
730,2022-11-23,A35-AC,-8
731,2022-11-23,DTC-23,-9
732,2022-11-24,DBR-56,0
733,2022-11-24,A35-AC,-6
734,2022-11-24,DTC-23,-10
735,2022-11-25,DBR-56,0
736,2022-11-25,A35-AC,-4
737,2022-11-25,DTC-23,-12
738,2022-11-28,DBR-56,0
739,2022-11-28,A35-AC,-6
740,2022-11-28,DTC-23,-7
741,2022-11-29,DBR-56,0
742,2022-11-29,A35-AC,-3
743,2022-11-29,DTC-23,-15
744,2022-11-30,DBR-56,0
745,2022-11-30,A35-AC,-2
746,2022-11-30,DTC-23,-13
747,2022-12-01,DBR-56,336
748,2022-12-01,DBR-56,-16
749,2022-12-01,A35-AC,71
750,2022-12-01,A35-AC,-6
751,2022-12-01,DTC-23,239
752,2022-12-01,DTC-23,-11
753,2022-12-02,DBR-56,-32
754,2022-12-02,A35-AC,-2
755,2022-12-02,DTC-23,-16
756,2022-12-05,DBR-56,-16
757,2022-12-05,A35-AC,-9
758,2022-12-05,DTC-23,-10
759,2022-12-06,DBR-56,-14
760,2022-12-06,A35-AC,-2
761,2022-12-06,DTC-23,-20
762,2022-12-07,DBR-56,-20
763,2022-12-07,A35-AC,-7
764,2022-12-07,DTC-23,-14
765,2022-12-08,DBR-56,-39
766,2022-12-08,A35-AC,-6
767,2022-12-08,DTC-23,-15
768,2022-12-09,DBR-56,-13
769,2022-12-09,A35-AC,-3
770,2022-12-09,DTC-23,-16
771,2022-12-12,DBR-56,-31
772,2022-12-12,A35-AC,-5
773,2022-12-12,DTC-23,-20
774,2022-12-13,DBR-56,-13
775,2022-12-13,A35-AC,-5
776,2022-12-13,DTC-23,-15
777,2022-12-14,DBR-56,-19
778,2022-12-14,A35-AC,-7
779,2022-12-14,DTC-23,-20
780,2022-12-15,DBR-56,-14
781,2022-12-15,A35-AC,-9
782,2022-12-15,DTC-23,-20
783,2022-12-16,DBR-56,-24
784,2022-12-16,A35-AC,-6
785,2022-12-16,DTC-23,-7
786,2022-12-19,DBR-56,-13
787,2022-12-19,A35-AC,-3
788,2022-12-19,DTC-23,-19
789,2022-12-20,DBR-56,-16
790,2022-12-20,A35-AC,-3
791,2022-12-20,DTC-23,-14
792,2022-12-21,DBR-56,-33
793,2022-12-21,A35-AC,-7
794,2022-12-21,DTC-23,-14
795,2022-12-22,DBR-56,-14
796,2022-12-22,A35-AC,-9
797,2022-12-22,DTC-23,-16
798,2022-12-23,DBR-56,-9
799,2022-12-23,A35-AC,-1
800,2022-12-23,DTC-23,-18
801,2022-12-26,DBR-56,0
802,2022-12-26,A35-AC,0
803,2022-12-26,DTC-23,-16
804,2022-12-27,DBR-56,0
805,2022-12-27,A35-AC,0
806,2022-12-27,DTC-23,-15
807,2022-12-28,DBR-56,0
808,2022-12-28,A35-AC,0
809,2022-12-28,DTC-23,-7
810,2022-12-29,DBR-56,0
811,2022-12-29,A35-AC,0
812,2022-12-29,DTC-23,-18
813,2022-12-30,DBR-56,0
814,2022-12-30,A35-AC,0
815,2022-12-30,DTC-23,-20
